,value,value,value,value,value,value,value,value,value,value,value,value,value,value,value,value,value,value,value,value,value,value,value,value,value,value,value,value,value,value,value,value,value,value
movie_id,1,2,3,4,5,6,7,8,9,10,11,12,13,14,15,16,17,18,19,20,21,22,23,24,25,26,27,28,29,30,31,32,33,34
user_id,,,,,,,,,,,,,,,,,,,,,,,,,,,,,,,,,,
1,4.0131589539892625,4.528773103400149,2.945229347868604,-0.017383390915794265,5.63754554196997,2.209646103054616,0.9001409249389482,-0.7399091045443554,4.006122278762074,1.5620655135908896,2.1375224457373307,1.2189816071527806,4.968867835278178,3.955452177665233,5.274086592558582,3.68304894018797,1.1731314320542823,3.1358363702492817,1.673629114817511,0.9143731141874792,4.05658531461136,1.8029659049207465,0.5439576845709032,8.161112264367011,3.548243224519942,3.9927349158044936,2.647530280615706,4.008003993888161,2.0862517306949577,3.080131829833429,-2.977514932608948,1.0038602527894624,0.09635089040443165,-0.3394668052171612
2,4.9899050261924085,4.94613525648637,1.6733986698098324,3.204240592122123,2.7367501622599617,1.7898921625797917,2.5217122536816374,1.427316863606737,2.4846342326250213,3.9568283932464166,2.2320212035799627,1.8014759954079074,4.361629003235375,4.0145914960547495,3.9994163713070714,3.942612653314183,-0.18223293102581495,2.479503255181032,3.0510771281090703,1.9449956798970292,4.966589135306659,4.645035840595255,2.266758741919984,2.1004864717754703,0.3171416364415522,2.779830758124258,1.4888089090537142,2.3847242438874083,4.647414360115669,3.9713225837546684,2.9452404808886694,3.783354832912974,4.339373725906958,4.044502706853632
3,3.9992962456121885,3.995100747321054,4.979759528345235,2.73033907023382,2.418418367293916,-0.8673651404722083,0.958004385988931,2.0494879233503105,-2.599960785846676,0.8625964496083817,2.947501130618627,4.312168394967297,4.950769578030942,0.8982111162683735,1.0415071420528674,4.330378952426733,0.13065391647827712,-0.4882807039094589,0.525769964619633,-2.41169751348974,-2.1053286256124415,2.980587135788849,2.979901626984725,0.8901988541071324,1.591134198786963,2.1621819574576313,1.5170796908906687,-1.4012585855082897,-0.20258362071513694,-0.7094783493480177,0.5299109288543277,0.9167763304394484,-0.6745088098418609,2.32727468900776
4,4.9651013397191655,4.993511657114926,4.143605407447548,4.984711392573572,4.974299220644477,1.4455996132806976,0.7405157123639711,2.0257300093536794,-0.9215288870540402,1.2704598532956288,3.5623569736715486,-1.9290209705374124,5.0087864477742325,5.098484622697022,3.4257709695789016,3.609531442946563,4.449906016022356,3.5586297243617664,6.68191045671032,4.234349282589039,2.559471390796799,0.9429253555899189,2.972814604095942,4.978691188363591,6.598625190669832,0.9116263641250829,1.1412793093430846,-0.40074801717873604,0.698347957946164,3.4677524158900845,1.2227100116641014,3.607144102181602,0.47209571904051906,2.1420112946434733
5,4.9813465211226,4.470996305082632,3.43309424225981,2.936223746200067,2.2780814697782024,-0.5552217950752855,4.898539739473359,-1.8153806122154859,4.964940905783917,0.8163016532596608,0.4753651407773417,-3.4888178037350155,3.2004632265460717,3.037576936176701,4.515883573380959,-2.812630874177587,2.3682169675218474,0.8239021262650595,4.973703143678808,-0.3348717385631932,3.972668356901092,2.848975774746534,0.37358631409217374,0.9998228295370504,2.6425125513160443,-0.7408653481049585,-0.7973860699612763,5.2558091138190015,3.021893644057868,2.2927246617345856,2.9690252531824184,1.988004019988523,4.989617696222827,4.947379372155762
6,4.979289970476336,4.963000970531005,0.2900087708757045,-0.12674461211872493,1.257598689973671,-0.7602282029178143,3.535559249479332,-1.7579155405481126,2.0809279356127934,1.0153332059112015,0.394377620359663,0.03785709860021238,0.42262950292777307,4.764377218059346,1.0464765176499773,3.0224671821819364,4.9938508603745975,1.7110740093528702,5.2565361472842875,2.343177398775654,0.8525439512301549,1.5814525326304922,1.0459149862345405,3.796276959377445,5.349165145039966,-3.229651833474817,1.1917411732147185,1.434548663303772,2.839141163212501,1.1947475708277462,1.98802763019515,4.927696976160193,3.9653881371558883,2.9732082232174246
7,4.950310225027018,2.337812265565335,4.167273712125977,1.9936795100776874,1.848498655092343,-0.6161816604341389,2.4785859602520275,1.037860762549301,-2.3651356482692094,0.7076471602591367,2.862815096044779,4.9490545114668985,4.974573258909483,0.5922330860572822,-0.10568838886909089,5.005481695523079,-3.9348145202187204,-2.8198528231189406,-1.341481552641539,-2.2095588776520163,-0.1359351535446593,4.984001203226368,4.977566845374716,-1.6015742492733966,-3.056594022121805,1.8902155457270269,-2.7034483655318127,0.28803649134026665,1.0388746072598327,2.0875919013914714,2.181254707033367,2.0016824458435942,0.6948920114775139,3.9947896360639996
8,3.9838548832827523,-0.33592045134331683,4.996980875238098,-0.06729788409328877,3.853550733478618,-4.713955408424947,-3.058972204415193,0.35480578530635953,0.5798159660111442,5.003288070312903,5.277146904948137,6.891708535913672,1.4104222796456805,5.001003285687374,0.22695011978381718,8.086322504352694,1.0508794817775853,4.207988438158027,3.365790360063691,4.710906225446728,-3.4075996275752365,-7.149226358329937,2.976728577810514,2.5089646497214035,4.842343145438371,3.390926878548015,4.97907977417437,4.9871393580399666,5.700118130953204,4.950682681720916,1.1662899017872987,1.3067235968790103,-3.849980464947724,-1.7770739907357025
9,5.008468547273055,0.9029606324196615,4.963324878179248,2.0242027931627797,3.8366146492390647,-2.9677890045528725,0.756500958215529,-2.05019384814995,3.4344095335935614,-0.4612270990783568,3.88229939936478,-2.1047460175617903,5.0010043569591245,2.9712722516007024,2.7079264190329417,4.96688658443935,1.0886115936583673,-0.13765646863328318,3.327801288865524,3.891913026033266,3.9608110097607914,0.7135560285922917,4.27217841867619,0.7154037150832554,-0.6360561001451083,1.9538495165823615,-2.4668977612507637,4.9983771339066925,4.012731577055006,4.695184718601528,0.4729595926996209,2.9381185316544665,2.068711243725785,1.328329250591802
10,3.9937513540789045,5.633913348116204,4.003376031891959,6.817913667378579,2.0275631572172412,0.9628759123447537,-0.2527759705570061,3.997169850321396,-0.3401390205677842,3.471422925943966,5.418498018040803,5.9986315249051945,4.992758721944861,6.596324422980037,4.98350588277832,8.778940247976019,0.6210305904927459,2.570178664438792,3.3524091706357733,0.9182528285667685,4.140306686855487,4.001047192769157,5.003521561916932,1.4475384979933947,-0.08109170911505437,2.202466760668119,2.0380319236729285,0.14183196211019405,4.969193381192674,3.476037354451892,3.941946627701972,4.052850845274577,4.23407320723598,3.8616729797068152
11,4.972886778546795,4.001749095351208,4.9845377586461295,5.049411853858026,0.03297679715765613,-2.076604874411042,2.0848157050902523,2.30938541802912,-6.886235058152091,-4.707000489025185,2.035331340133293,1.2318671957678287,2.31373329318881,5.003087591108803,-1.2213372193276184,3.970113608415162,5.156642460604283,0.9409630511320105,2.414734365710613,-1.230957217521934,-1.2975582585514092,2.117031954175777,1.6656720302970598,0.88759474478781,-0.6992112392095441,-1.4223386212311362,1.2841131629127063,-3.1570660105151522,-4.936969866723538,2.543895426292804,1.8849223359377472,0.9780278958760341,-1.452946562195404,3.0212370276521923
12,4.959983869021026,1.566187908263785,4.977818353630979,2.5587153608470126,6.167445599182665,0.9787690844716481,2.4160468782053104,5.008383614998956,3.5461063590372226,5.457217321551252,5.196786859819964,1.2536844796607591,4.834723669281986,3.02852496616973,4.957574163291176,4.510368468920577,-5.069089138702192,0.6855848868698992,1.9363704725329967,2.205369697234561,-1.2952595908031175,1.175707107876644,4.994894864956967,1.0615063658238617,3.5057700350744794,1.1800658555544645,2.3858173819363953,1.2746815705462031,1.5248506932814825,5.418585637928078,1.527417449504864,0.28363593917105806,-0.695217142013947,-1.4148945412628415
13,4.0051600377435115,4.910899969578097,3.616474126224032,0.016719225927378945,5.568642725077714,0.505899591216889,4.971539067665256,-1.6860897848547076,4.287249653372501,-1.7323107236220605,1.481914800143326,-6.7083579825089,3.9958939475898174,1.7303182528902445,3.9553520672430906,-0.96604834836592,3.5157376518147827,-1.092453195516693,3.385324666962955,2.0024978453929783,3.7241496197191464,3.9907848141832116,2.9790595415612886,5.953169704008174,5.932592668026462,-1.6433772207245367,-1.4366128249873749,-0.23808756289934577,-1.8403946773275905,0.6686900760599651,-1.9228287230483208,2.822169825528162,2.97943678215607,1.5724111216564778
14,4.987433497976545,4.011225479244198,4.979819991341641,-1.4236434508385516,4.978510975254583,-3.3809626979350416,2.694952238565553,-2.2397608753762785,3.4905126215639877,1.0506053599365532,2.4054472930897903,0.5001588295654809,4.984792273792396,0.631652664821253,3.11169657520887,1.7102255226190586,1.4391269112818883,0.34032836374087555,0.02115313893915079,-0.416673272580134,1.739513783765774,1.248769892103667,0.7084177217480665,4.9845735060701495,1.9496706233500645,5.536337496642738,4.250354717816141,3.485020651185192,1.0927356080224158,1.2732371630118664,-2.640880277583929,-0.3520458632327162,-1.002588638131327,0.5663617657631687
15,4.974019674175302,1.0983707502881253,4.986320992635892,5.000910768942298,2.185753441283818,-4.259986406142888,-2.041068513113108,-2.411011071324112,-4.844403251255379,-2.027826762743919,5.111637082157466,0.13530037083868338,4.9858560330807284,4.031585941356268,-0.1292601946777473,4.087856729658659,3.4553061466732715,0.2032158564522604,4.0196493939521325,3.0858237716209835,4.652163047377645,-1.9249575201429232,3.05399075966333,0.49947151106345217,-1.0180891021881844,3.6239610001451523,-3.3627543767226804,4.970626293484895,2.4361439318452325,5.167345994230861,1.6790090075698518,2.2652426192808393,-1.8766839280216214,3.578608169891724
16,3.9711617125651717,2.750849623374165,3.988171193429971,3.7706269503893473,1.2329381660117125,0.6519345988670738,1.3111149532590018,3.9809321176853087,-0.9652247964986339,-0.13566561526937354,3.1578393655040395,0.40268694373280917,0.9123604878277443,6.830693332635538,-0.5950821608823308,3.9176526832345617,3.580863606450632,3.3577976268016325,3.0533028886052547,4.916182158917345,2.385017560500359,3.92793470218421,3.1635943314157537,-0.32384649373584257,0.06878610191131004,-2.970100248546738,-0.24674775291444448,1.3991371815502804,-0.09548680171534103,5.017247202709831,3.7952685516595115,4.9552832095477175,5.001976969093077,3.951253686370347
17,4.009741220962015,3.962121779926397,3.9924493908185945,2.8590014232017986,4.9386636175090795,2.660749750719508,2.9456193086861773,2.7088992870640642,1.050398997327638,2.457352616041238,0.8194468652307834,-0.5492624843596952,4.019985321914759,2.7867387549648286,2.440340021639043,4.000317734105086,0.9531951185815798,4.035597543028787,4.040022925428665,4.053931888558988,1.4192393034351554,2.358126698548606,4.474363251076551,4.02446689626649,3.4935990369249743,2.857375472088806,2.062137495118945,-4.145049193904358,0.6855244513994562,4.219546906351402,2.2013138390557354,3.6924172320960604,0.9840327234172708,2.652677483671004
18,4.974980441758253,4.287425833154116,4.990803546881165,3.83892777043671,6.253428476792867,3.115911798016555,2.408731351452098,1.1185248849448117,-0.7727247750405336,-1.4395862413166178,2.2760810696185754,-4.971019015482135,4.965613670916292,4.984027977906585,2.2521630142797435,1.3033780630437621,4.162746669160394,3.383884201595112,5.421284397683173,5.459998789107884,4.964837387847291,2.6659261105717444,3.6826357983091618,6.235772820528869,5.003532974979138,0.6458718715238616,-2.0793849522412606,-0.4260546725952458,-2.125629625181343,5.6451424499033225,0.40325869058481656,4.102906199835813,0.7800331768318095,3.249470307401933
19,0.8767273761557217,4.977818512488644,-1.9278149046063906,0.926915627411084,2.018132810143428,4.996802466242185,1.334654666609148,0.4353386548494992,4.99834397501172,2.2946478817674767,1.2693513619014773,-0.23467445249427268,1.3673662515995115,4.365536130276497,4.992266433370177,3.9936341518689926,1.6064203169834055,0.9074231897611285,3.6823179504698826,2.3477555640891983,4.998468398503068,5.003478684756011,2.9865091314771,4.9638092230259945,5.006840515987638,-3.922327666663578,-1.8148956373235032,-0.18665355519818477,4.16838744150984,-0.4396396486466008,0.46998886365278625,5.797549786734787,7.5483743290327245,1.564873342659869
20,5.317869190841266,4.999637361917087,3.3193642049214724,1.5711347838114882,4.96207885716581,2.1742824097856026,3.5168217834097457,-1.3395390386940218,4.361829634364756,3.7108567286223337,0.8525284599820809,0.8794525994716262,4.296872780468921,4.015905570285194,3.8317573736150514,3.2656949249969505,0.931003338573261,3.3420239388588446,5.28143525144994,3.213141081943236,4.139909446492588,2.385736161933039,4.040371826485712,4.975210488656299,4.585974562769891,2.2531043460490774,-0.6192270124760914,2.3127388304784624,5.664260359321756,4.294823933232547,2.9018732041393998,5.337130318421984,3.954676248408366,4.9946769001157225
21,2.0780166908049984,4.0004039311280986,4.958044118833118,3.276289003752377,3.0436928776385166,-0.048402266949240595,-1.8514480240562596,2.980984599933593,-0.7227092834167481,2.7351042203311478,3.9514154766865115,2.59503169128116,3.035917240364586,4.120009493056188,1.8800032403081153,0.38893617483348386,3.979611427244952,4.895473397637706,1.64174590023469,2.012038497565448,2.9777263025939953,0.9208814929976276,-0.559860236265409,2.9851901549319964,3.1345933566356083,3.980376128555293,4.668469468901005,3.9913418447857576,1.0130995998967245,1.6592041022309827,0.4424172239725496,0.93922514889865,1.0598281944898102,2.6814769420799003
22,1.9459860448623576,3.9933521563859737,1.9096886963345046,2.1106339747624236,3.6624227400613076,5.90347302640905,4.015864475436936,1.5279167118988417,3.996148201179755,-0.6870766702015187,-2.238081345519432,-4.115474085947039,2.859373918815537,2.5204460208378396,4.108935175412334,0.11571251216871964,1.4167353125369582,3.8350179245191023,2.945528595082376,1.8309657073098586,4.140949708803367,4.958472486357132,1.6502277194444612,4.997980260795244,1.685370093976564,0.48258047624322836,-0.12359832063293322,-3.0578018758590946,-1.1463370495713232,2.984384035588718,0.3213538120288361,2.585896510881454,3.6575866473933187,2.260789674353021
23,4.632416239898901,3.985531721000164,1.2072813240769351,5.109000145877639,0.5631762476219613,-1.34076243283185,1.2620155822286294,-0.38945722489460527,-2.089031721951973,1.9670275985522867,4.0035736210982185,0.7404307357030327,2.3190100095603823,4.9897553989338395,2.0220577606221193,1.7486976385463815,2.379804292042546,-0.6758166958949876,6.12142323272447,1.1786273342030151,2.938212760079358,0.6486627718635363,2.6623508799695337,-0.21764814605221894,3.9651873197881176,-2.6819482033103967,-2.6047098812094367,3.338333504724003,4.022820969775561,2.263207534551671,4.89002058076309,4.007186354618792,3.0020785819978144,4.976961592043951
24,1.937700119096849,4.974583828801154,4.275753912172837,1.2232594723805192,5.021621507758058,-0.45886263809330563,4.721476074574435,1.0064344623949066,4.4608451752981875,5.004730667578669,1.9089059902244048,1.2474579690386152,1.9892286362674096,2.3354885449833747,4.96923617246922,0.6575576023310148,-0.47945722061356255,2.386655546495162,1.8342294379592547,1.7904936927497945,3.783786676941987,0.7552858842782658,4.967560451616255,5.010167145244887,3.800121153491082,4.541585341199009,4.988282759997041,-3.4017504586652803,2.4466380049819123,3.4569629927769507,2.990968610959995,1.9103560270493816,1.9000590839928193,3.5269866541689394
25,1.435634377462101,5.000730084650509,3.9928115057918845,3.6207880498334806,4.708491795240894,2.9042034359157802,0.7566203219004218,3.4482743562700513,0.882294597156617,4.9950476496497105,2.1148748206818584,2.7760700193462324,3.970382576083025,2.317451521098162,4.726733735663847,0.7921176094140261,0.04709844756743514,4.519837593069044,2.1150317859173384,0.6367145448901781,2.6801293444536842,1.1630533605315712,2.0658326928692183,4.978086374091032,4.524204421576908,5.698167871034763,4.969653527037212,-1.94091908319568,1.540486919554206,1.960069052798885,1.4760112998458719,0.7136403563222836,-0.005080866548275227,2.6594105878651595
26,-0.1597490016124957,4.988329729856828,3.7925919364983804,-0.41694978597813537,4.984387852967721,4.967722123329574,0.4376162898297743,5.012020848289229,2.9531160902988587,5.000851172365285,2.2356579561328567,4.50964816120651,3.747260111875648,-0.2103360398754723,4.419901953431947,-1.694085204161814,-2.3805386271617297,1.8670397365181506,-3.0292119165318505,-3.522111724298014,-0.7776513858773242,4.9923455317785965,-0.2446728566838843,4.991974048981396,5.886102600753509,2.7834515014517147,4.966592990566557,0.5674700248413931,-1.4300629299893093,-3.3108044808799,-2.935731038994697,-1.4489404452511174,1.0263359366863285,0.07166801008930142
27,4.678817927257932,4.960711892275709,6.684969216172966,6.459087710333509,4.990236234448887,-1.7165389025415483,0.1341401906989398,-2.3046815700476615,-3.1619990544722776,-0.3150846932571156,4.938295455231703,2.1064038278293635,7.397233977698831,3.909767271587113,4.310671281962769,5.714959781581535,2.2033008347179313,-0.019916921658094947,5.457352563851815,0.38841411866198683,4.9435377458317085,-0.8951717831868132,6.9225666776678665,4.977104103539937,3.2611469227672494,5.007095682935022,-2.8347115660104456,-0.6877871986550173,3.424597728798876,3.5925733528830794,2.129806061899178,3.076218069562586,-1.5986847217613644,4.964566692269577
28,3.5586833833900178,4.971641668382509,1.6340963633898695,-0.5777893498182858,1.412973588267329,-0.17630510696832874,-0.3284236555032082,0.003773523840001034,1.5822468526531748,2.161799504492161,1.6837956141369814,5.151743489916949,1.2212785459010376,4.992085289034326,1.7015486854195196,3.6039402666783835,4.6355340024945395,3.790288034639286,2.1729066116457796,-0.4234433094966472,-0.534758160666813,0.8753571051991901,-2.076583293483968,4.99241729066181,4.994940893880302,-0.10359150299273749,4.981898687855282,4.985440949721879,2.7807475218223106,-0.5815809177748857,-0.9666070156810642,1.8495809720893286,1.8460604596557697,0.8044294601331763
29,2.651542247239133,5.011635938037943,7.198714624585537,4.88892799464244,5.004517590415376,0.4001193604502803,-0.11541549781472134,4.943993260077146,-0.5399220296056534,2.8520840124051032,5.835727213364418,6.313343281283459,4.991379724547313,4.991906770672512,6.176615640511045,4.952956606642581,-0.6935616729628952,2.3055164594138047,0.7016098874243285,-2.8249229522947608,-0.43423615860381054,0.28776313281151206,3.4504782342558276,4.993070940985675,3.932476514319103,3.5771585920603437,5.769042862745187,-0.8062304193337508,-0.5099206705667795,2.2282328676015277,-0.048761166634973395,-1.7874712793066063,-2.4980081497748823,-0.24166205242542665
30,3.784653279792453,5.0907664836000945,4.9788466361620305,0.5754625350123722,4.959216175433763,0.002571126523315455,2.5145982868741643,1.5847554407488444,4.551935319217344,4.983056900939996,3.6570215314338097,2.0717868877002865,3.0178740887445126,4.009345615171164,3.6256101977668997,-0.06337818899174005,1.1454223329995596,3.220453264874368,1.30385065985359,2.3037258359967683,3.984088910404249,3.0124002675693706,1.7469013687976114,4.003112919153694,4.1714889953648076,2.901411271740164,3.976909287141445,4.952138993550295,3.007249079094861,2.9127220754692966,1.3567462798665086,2.4748944477961237,3.9745657435189887,3.7600390768777516
31,-2.3312429340241434,1.3536165908384397,4.975772904407945,0.24766095827357912,1.2892054273307032,-1.7302253703728414,0.06542193207379572,-1.1257159397824341,4.97022656767146,3.708486593332485,0.6265886798702595,1.9025085702420028,0.38045935012206933,-1.6144635776921248,2.1857832936660917,-6.829151005324539,0.03953722826738997,1.324739227395734,-1.0163914075760638,-1.9519588994817836,2.695548665556064,-0.25526499526187213,0.04746046803547628,-1.0972433604528882,1.6726190219790043,3.8387740640853942,1.18628378222679,4.98699949090392,3.9832848193261903,-2.3153668437106463,2.012440211061642,-0.6501102567315304,4.016709831834042,5.001824670551245
32,3.3231870974205386,4.988757493646022,4.979131049534246,4.984194199896898,1.553534440639649,1.9526430395055772,-1.4643851514590973,-0.6207487534060291,-2.901065238674535,-4.6258576860560465,2.362213821873419,1.6128193990173691,4.980246175855818,5.629436363214133,1.8911767800133454,3.785386518382453,5.993301170264161,1.8506065458276335,3.232622133985634,-1.34048934372524,4.006657405627074,3.962341678584091,1.1901273545055229,4.002099267156115,1.2030864688455467,-0.738841180225375,-3.769507720823247,3.4212133082139546,-0.10605682198520769,0.39664833418861967,-0.7209928636408173,3.1189364929191017,2.7710570811663118,4.240404523551388
33,3.9403928144747216,7.131172631302811,4.985594346356341,0.611585232464544,5.752634743100329,4.9849221022798265,4.93118896565224,4.963667406598914,2.238638981477294,2.579129710779277,0.8658969853518609,3.4862798685933467,4.99460931435609,2.155707659266713,3.6664921139253734,4.2328771032949755,-1.0494017258341413,2.580149467351534,-0.8625511154493946,-1.0609900721773216,-0.142007105350384,8.07646625284135,4.000356970901206,6.312744030031642,3.363814486866831,2.3726312003333074,4.47078318186459,-5.327746922914562,-2.3618428587714466,0.7850929161025957,-0.6211212335561261,2.4172263447605045,2.3931092574649884,2.343918170385175
34,6.230039774514448,1.9899346320140892,4.976669841167687,-0.04275945585255728,5.303333483520136,-1.9686810524437388,2.334112023120082,-0.05322302025716328,4.935056172677271,5.00253892057798,3.1566550262038438,1.4860127111963062,4.991524484708138,1.5231185658898085,2.722248363276895,3.969928785322506,-1.7566411314873345,1.3964457221850357,2.7638889786173073,2.8814701054765313,-0.3352348610795335,0.5175684540096965,3.2993291856751683,1.157845704860431,3.03279420523534,3.583927435520598,2.0123275045607505,4.971034579458509,5.173856913694142,3.878198406610608,1.2893866037686332,2.1690883164781862,0.8424885355569923,1.2240729808568707
35,6.99561886961803,4.444145208972008,5.002390639437877,2.7884920776847713,4.726062532225561,-2.0320067561270228,0.8085261376357257,-0.19471616958415988,0.19966156502639157,4.979828677259496,4.01918030297553,4.9544657475904055,5.024113930719803,5.001918683396856,3.0177346754894985,4.989426259086776,1.3653127860086678,3.8785582736168545,5.020164549774375,1.8169150249991748,0.6674015974373333,-1.9706628671439674,2.0221315183524475,4.155596212217181,4.950770323830072,4.998328760330574,4.011451968464389,4.9732039092793965,5.3795712297423295,4.96583916231051,2.4774018969547535,2.0196812440983876,-1.6848235954944493,2.861145430634024
36,4.804561546642567,5.73813202589722,5.008170758305012,2.3354561204306257,4.1734484985180345,0.11657136952142529,3.5279854169672444,0.03534278586752854,-3.4416538577276117,-1.914221991351048,1.2726789605546478,-1.2263957299870203,4.238647441579577,2.3302847904884705,-0.4883914859059575,3.1525672771306197,4.957765302182386,0.9684752127963611,3.6787687126849176,2.459310411723336,1.3843634439304142,3.563425764679621,4.963004893510324,4.990110376613868,4.413553865883897,0.9154271444940405,-0.649016477671336,-5.428906662666193,-2.5146330249550375,1.3050733681926958,1.0074869362388459,4.841450926691187,0.6043681899587111,4.95699953240022
37,-1.8916426773838646,0.9855040928593217,4.985920896984006,4.153486746761799,3.191714813404657,-0.8831478129589521,-4.008935051928211,4.985820265064409,1.0074345716682136,4.976794690623076,4.991853585319763,4.00442201126548,1.1059677559134387,3.7269632427860033,3.5106410840477875,4.974234665726553,1.3525659767477198,5.5150570922659,1.9748063132564606,4.543881872434746,1.3000090052297322,-3.7971063716959352,4.047407834660683,2.0316850457757174,2.936041210442397,4.960849971115224,6.521657754824203,-2.5138201377567335,3.164408345010927,2.6390054575787723,1.8613681269484024,0.6903181622787296,-0.36932484434416246,-0.7869744951714225
38,1.508434310330182,1.354551783228422,4.947224285736607,3.2910123142104064,4.99969397052516,3.974881982326771,-0.11651781155941274,-0.6796039138266764,3.9424535539982584,-1.0153723357862083,-0.11249185257013138,-5.646276270186678,4.008532684565184,2.801645028269897,3.657944408445553,-2.2755214543580724,3.205185750615008,4.766538494575943,5.240371294256554,3.9956527034474534,4.995503476391898,0.2747038512265405,1.1301438742276158,4.007780422255786,4.037640792825236,1.4872385709163314,-3.4670039405412045,3.9674348587089914,1.2384902921575558,3.7054197685463848,-0.12020784508434541,2.1424388542413038,2.262657727758404,2.466631902694093
39,-2.0816478977440624,3.562253959340736,5.0273429746107565,1.3234186611648964,5.913873533874389,3.6440528955678344,-1.6576248877700597,4.989426060983863,4.985117772963727,4.984393367184875,3.9896112642595836,0.6476867212579789,5.0087634073353415,-1.3823393127265353,6.2199020909532035,-2.084198460329711,-1.689959259510733,1.7660591437307358,-2.2443655791268364,-0.6207767045067756,2.5174041217571292,3.9832348968528266,1.1941737014587879,3.730149943621666,4.9532451926110435,4.935832300910391,4.320938750006946,0.5639346390339091,-0.023952393979304046,-3.235754414604938,-3.393295932302387,-1.393771905024815,2.134563250769493,-0.7425348852218708
40,5.815140844867776,2.78412553908116,0.7532039500954439,4.963662607725168,1.1335557603579882,-0.16603372077729922,3.9273880387430067,4.962530632841105,-0.2957400858285359,4.459015607473587,4.956527114050249,0.45786275459350106,1.3722391642427036,6.01811637785931,2.0693539672923578,4.676004483114519,-1.9874384518844748,-0.3684064400659862,4.370712096617492,4.077628153140756,1.5853388086644251,3.471392310902002,4.998124664474937,-2.8528403877686066,0.8301199956027067,-4.0003873153832314,0.02360536402745176,0.18332395027730375,2.4862208640080627,6.311861309093215,6.783021622771076,4.399555996717479,4.224749598228797,3.0138952337046385
41,-0.4025476006013473,3.12887524259279,6.033003973025619,4.979293692536818,4.966279733361335,4.961778192214285,-0.6826061500399853,5.904686689302797,1.3243918632198257,3.281679857780579,2.6751888954290233,-0.11930371031840344,5.003141061328339,0.9811816054591526,4.025561339522909,-1.0491689350487439,-0.8421207263287189,4.11721287489602,0.4046256331757306,1.8628243305220595,3.996213202242524,4.38673388795839,2.998630940114428,1.7673547349984158,1.9187250261163795,4.800560302376958,1.3928882452051186,-1.351543538339509,-0.4057021443952189,1.482576259383124,0.9449339703808385,1.0093728204155974,2.632584422371607,3.131181348687228
42,-1.714831029634447,-0.17867191081559056,-0.022937927648679204,3.97308959335714,-0.6715277846887677,4.571431030572169,-1.293033983724351,2.5885472193760926,1.6014578108468507,-0.5646653916702582,-1.6699044972662638,-2.518209765861634,0.09509598772984236,2.4718162149132548,1.7555471043827808,-0.19793437522872062,1.3829054652034434,4.991815167294775,1.8766778013924292,3.057693511362194,5.004749236308755,2.064286735075827,-0.5093551755589097,-0.641413720074471,-3.388754796420508,1.0196391559323272,-0.7243053211270465,-0.3097755853775517,1.0227115786732146,3.1240599399387587,2.012605229019938,1.5535402520194657,3.9872651521535194,1.7362542590052539
43,6.256424266143308,4.604615261060707,5.445825489608685,3.8594078102389306,3.9876111276527806,-3.6845051816100134,1.5542022852552406,-0.5081659442365661,1.2318712598166568,-0.5833823773267471,3.975536839063746,-2.849944086836543,4.945763611190837,4.982311789510713,4.161178275302823,2.3444837097619535,5.925689753065491,2.5613625243847524,5.3205633596164645,2.1686118234659064,3.037985965564703,-0.328867314724409,0.17783445725342792,3.9901640614868747,3.317599130922836,2.5387431957453126,4.006568310795217,4.027975704420758,0.7295003996054541,3.6874464464303767,-0.24183041799136654,0.6301005505454597,-0.28169915201454965,0.9739346181928679
44,3.5569401739023347,1.819063184595647,4.42878100432006,-1.3361431206280938,4.984404858131568,-3.0424373046264264,3.9541144271028426,-5.050334062756742,2.0686629508203236,-1.7478474191239606,1.091483721602017,-5.295736937198014,1.9793222540500142,1.357666395264978,0.746712205200276,-4.102244757083071,2.9671267282506077,-0.30082091194477534,2.284039210005614,3.030391071562252,5.000007383197781,-1.36060001854723,2.0273903397896125,4.983411464484366,3.3575574333079024,2.134720424106948,-2.143117275720591,3.63546927347294,-0.7244837790261399,4.194502984539119,-0.43015278418316927,1.2790025964521352,-0.7072586869904567,3.292175619630673
45,1.2955209591177406,3.4555419338096893,-1.3159820731457008,1.4621647714825536,3.3546131513947657,4.979784361184606,2.022873305672676,4.977731099154698,4.498032796237654,9.644479020741565,2.9841295682513924,2.5210143334985746,2.2196216678234677,1.133682823454029,4.9667831947664824,0.6794608590811443,-5.738555831156669,0.7070800143501618,1.261192418595184,1.8630224032137963,2.2637715443791198,4.433315348054664,2.9849611546351316,0.6126123456091087,4.744572817144098,0.3331049693117801,1.8199831135322306,0.409451999133944,4.9653901843336765,1.0866302880199885,3.3106037514051887,2.884524946187843,4.771591564198824,1.739104328294077
46,5.091151014152991,1.4522672703584545,-0.9080229063053226,-3.1548664696379585,5.219010286711739,4.978670646010505,0.968126695931458,3.320742586808054,4.964329532754335,4.970065810642593,0.5727017461376479,-2.1517711424769743,3.92387320536447,0.40058859918996104,0.4398569728345989,4.95358958787884,-1.1272444747468888,3.2387243139142456,2.062696839962154,6.9348151402206755,-1.600027270673702,4.993776780883284,0.30529009873587604,2.8885386502214474,4.980408133359055,-0.043326061012619974,1.8760385999753553,2.2610047904284247,1.929163961846665,1.7394983339820862,-2.580293057662754,4.397122880694775,2.4549951494231577,-2.729099977374981
47,-0.3213208872316556,4.098073133825915,3.6708891981892515,3.748399630123067,2.6096318677450165,4.9956736904471155,-1.6889627477827782,4.033475039337106,1.3652208076820025,4.975288126695214,2.1322376410830706,4.1930524598592696,4.9637735768905,-0.5374500035978538,3.9098256305079295,-1.3990788760233648,-1.8319112718745205,1.7021728451787852,0.21193641888658593,-2.9508039501807155,0.9922747548606604,5.0028694117201455,0.7932540170305046,0.19757193596902364,3.9779114457373894,2.5129510353116395,-0.002978092294113113,2.2535522134447943,2.9128455301437723,-3.711505934592337,0.8184277300870759,0.9519850404894776,3.9378386105019008,3.822781499500222
48,-0.5804774595055736,2.7743315700151054,-1.369576897503061,3.2774584637758504,-0.47589597221335656,4.948786902032979,-0.884016227012836,1.932504154263804,-0.9526238902905005,3.2850145400663964,1.1483166107188811,7.331678136508698,0.509312643959177,4.4275558407199656,2.3970597187490488,5.537571101842975,-2.638859515044776,1.9298398783017547,0.6494397410330396,-0.15617291255852925,4.513222386594601,2.8800588639126756,3.8408576077284216,1.7379756812067697,-1.3433124585518916,0.515060735017404,-1.9967567102029096,-1.3846881620324782,4.948609424090982,2.4710984076233546,3.965844953786129,4.003401012963845,3.9786937006556347,3.9438008634529913
49,3.813110629192248,4.38540071108866,2.684624011015381,3.3133678413043737,3.912749640470468,4.975657608839163,1.6760787157483044,2.3787101413270677,2.7912023594836155,3.339255816568068,-0.8485010051582773,-2.531941061571817,4.9722488716559425,1.7155339875619775,2.2128123945533362,0.6862660739305647,2.4732655597988304,6.111121917166507,4.702668879541107,5.007813228368621,4.4214990315143865,5.310158078738433,0.9477050404274029,2.3240318283223957,2.4611193551948047,3.9561017436308243,0.9461541336998001,0.5150787501875173,3.028091242940159,2.785042079719563,2.2767623186180694,4.948577484345561,4.99055404921406,4.994805415932232
50,7.10523885943115,6.274706078852186,6.611474794549057,3.3948912590003393,5.667409243976919,-1.3590194411669911,5.8695273060679165,2.230008525289511,4.987683164018524,4.977130466612629,2.6472282347906377,-0.8712868646772283,4.9685668126811775,3.815589968313063,4.606402652537715,2.918394829905489,2.067098970687588,3.608614248417128,5.836562675666185,3.7098337918442423,1.5395993322713462,3.006290519139362,4.662647169307751,2.5461721799011587,4.998680508479509,2.777499180628792,4.9913450116834985,-0.4323052879875685,3.5035092129977405,4.382243710781763,4.362270103693115,4.094294524984898,3.9673546255040018,4.662952941393389
51,4.90563793890794,3.3854606511606278,4.694459281024971,2.0622820958303496,5.705956652279277,2.6146762122148646,1.1730107703109176,4.712692759447311,3.9970898995057427,4.014403466953355,3.9757053221870717,-0.3894508526319788,4.980620704232983,3.9410667299798146,3.899265870185845,2.9309900658383734,-0.07536358776417743,3.6135610750647693,2.3946328697761325,3.760699934445163,1.216272421615157,4.007988633396147,1.6700183236101838,2.648432512845227,4.003627065052408,1.1625474181792315,3.000334287607664,3.9944087943787716,1.1331918937076035,3.7123413753024175,-0.1725414351395208,2.0534160320594745,2.581982334489596,0.09496208496985666
52,3.7369498310081943,3.924420494125245,4.107302800366854,2.6781009866970344,5.004687659777696,0.542204287205544,2.9169298501386685,4.809295286075546,6.106007449055054,4.986741694862819,4.789651981747011,-2.3450158212687913,2.9859821184735824,4.861546364125165,5.479107334492167,0.9825164978762254,0.4600256649428302,3.2891709070724846,2.421572350306713,5.06309783788353,4.7391284590272305,3.824802315121802,2.38156175015282,2.0038164015880304,2.7249791953368154,1.1736343216620162,4.958469576254114,2.9926201212713353,1.7499456983634283,4.9874902370794265,1.8178911095161108,2.153032994758529,4.960728642901784,1.058001768641556
53,-0.8744433196129595,3.1915239776113165,0.5170600992728228,2.2130506159323176,3.4754479015730824,6.378226967702868,0.13501326903077832,0.922533131156335,-0.33271282581735406,5.018283242279118,0.5810088559189162,4.224080649043055,3.9079352879706137,-0.8235255805889644,3.242145567070553,-0.4403043072956383,-5.088364705212234,0.6186709186206923,-0.31726647084409265,-1.0736612299899466,5.009797314706081,3.3330350713316426,3.945825528305063,3.4116656732175397,2.1105120436029576,4.995456672279896,-3.153547170450914,-1.7769453182185202,3.528878497379407,0.5180273872093354,1.9757615104738961,2.332826431433073,1.4170075356221532,4.950288048996968
54,5.416851881470552,4.054705631887004,2.2762685346945037,2.597948392700023,1.2259043111374819,-0.15130988734933148,0.6041588222321475,5.38088349257149,2.067785728874492,4.997633745374984,5.259654889530472,4.992740135267337,4.477648543927987,2.649674363870194,3.9787393272851617,4.981691816935454,-2.06615309038528,-1.2343969722659862,1.0628093357149964,-3.2310113238705838,-4.502064607993318,4.982478183081252,-0.07680265673567313,-2.3374044089500887,3.278299828272783,-2.8211304810239786,3.9239362640009174,4.993708573635463,2.588928350513255,-2.044759352629643,0.5004668723310316,0.11411275877403292,2.931737730266342,-1.1045693735822784
55,1.2183612267613875,0.08031790388738437,-2.635471256633657,0.9462490873825596,0.8635089334792074,4.032548487473897,2.40333230495275,1.6088274376469338,3.6221795784926547,3.9803519884626177,-0.06847034847786414,-3.267285740830469,0.0713662433501732,1.2209179341140568,1.1566958517036459,-1.1646787842344029,-3.074786907262194,0.7563933778174496,2.078064841555784,5.02611380894281,5.008518009061042,4.004320515373118,1.936469211160523,-1.935937465218673,-0.5405162836379431,-1.6406470701789349,-3.429876027902532,1.8437563637677068,3.5766793268156443,3.977864207337832,3.918920036957492,4.24495884279549,5.950247928219592,2.9671432721807487
56,-1.4265266039777131,2.8114642877487093,-2.826042084824984,0.31730039285014516,0.31813451809680937,2.7823196293063814,-0.24379932099057194,1.8578164876305412,1.2842170456627044,4.818482750140123,0.5263669103976699,4.981757228704092,-2.5335716648804474,5.007313933536942,2.2942433919763947,3.99975593906694,0.3798928834455231,5.005108165481528,0.7418591335236606,3.5349058530343234,5.000762030109608,-0.41437999880135146,1.3944799706865498,4.989242076680483,0.7033696371124228,2.4213076058502114,4.980795581825503,-2.6756378125922544,3.8576353340222367,3.7320973245737243,2.5826226425904526,2.958046425817398,2.352387686178466,1.198049836591847
57,-0.3395165900888531,0.8082736227151135,-1.1075975523709607,-0.2872049506619803,4.108800547087183,2.1771257796138346,2.8277876832484066,3.9531383708147083,4.352488746129792,3.8370358706105647,2.952068965196613,-3.869946633650012,-0.20535286545553352,2.0177135847483965,4.410965966923338,0.15319348924891418,-3.410925916724762,0.43164697392788715,-0.8133632222868532,5.016970457325301,4.972499637556887,1.6609290289968026,2.995499994003406,3.4349636260423795,1.0511924329671005,0.8107473195431184,3.458733004618487,-3.097547870603289,-1.3774647121353667,4.998779960862554,-0.16908574545150026,0.22497974727803305,1.0066131598943413,-2.7368170536182777
58,5.837444087884709,5.092313838000327,4.293701614403707,4.127597236371087,5.161608838902342,0.9227902752992067,2.6809439136448896,0.645808241365351,1.9844316856012432,3.8324627012371035,2.8939712267506925,-1.5636722691533635,4.4828705777924105,5.013699047051164,3.560283674584663,1.557452653659049,3.0471503146096897,3.942700142581328,7.126981169726298,5.03616195492492,4.224211578322546,1.2585894310757992,3.404747417273054,3.777795553124471,6.2358332582328995,1.6789184211967316,0.5149478546662689,2.55658799227828,3.994942141171814,4.9908433793000215,3.7890627911137975,4.885964612625385,3.0361908751240922,5.002242332572385
59,-0.2159695204632374,1.2318215380163644,2.870863754161392,5.01870575030656,0.7857434611892542,0.21370685317386967,-0.5024510778694411,-0.5332898962230209,-3.6545491210676313,-1.5420259055460217,1.7865978908419144,1.5869072103046002,0.17468752712950703,4.993240474941763,0.11629813937668684,4.970198242801007,2.4694289672159946,1.9231410859065479,4.073688698205276,4.035909522517765,4.996180403492178,-1.7305751301627794,7.248794912006377,1.9631284582035708,-0.3292587337363862,0.42200133537188705,-4.208841223062709,-4.8982018047586395,2.1228992639428563,5.005604436169964,4.95619515077969,5.003918442484414,1.3995717818598723,5.006906448641395
60,2.3036217789940268,3.2792934954545645,3.148370323093158,2.2049756959547384,-0.5721918148304518,-0.3282835426235867,2.220202233471843,2.9895713439690077,-0.9688156244523677,1.7492479890537085,2.7689989037520815,7.394515679275689,-0.15307922704546204,4.9262590531535295,-0.2152002533159384,5.401612257031284,-0.8334627047593623,0.19083476489598059,-0.5372171713979661,-0.6501559979084552,0.40713032899812224,4.244191139455219,4.984449660666798,-1.2958124553790393,-1.8398316206436238,-2.2033652880857137,0.05142217102686047,-0.8340656736026383,2.0141255989240765,2.2296436426521438,4.927808083222386,3.9431956731345568,4.959505094551255,4.982707751641561
61,1.0416523478011892,4.222819986376884,2.6864691086989785,4.839081738367587,1.0464864945086774,-2.8079329721811357,-0.31523219759204524,1.5311481032005667,1.906806591870025,4.335008471378401,4.938209296812205,1.5939358605959817,0.8686453435714699,4.941116658075364,4.7760956995235055,1.0538718174918307,3.541743599172366,2.0728701996423555,4.56434190433424,1.7701694785980686,3.9449885033568863,-1.2118549133670908,1.9868365518393973,0.9089347733514354,4.231305554363311,0.5524480553138718,4.021054918259662,2.068885107995178,4.865680774265791,1.036377957319595,3.936622592457235,2.0049357206653267,3.8337324312778156,2.9541082857881165
62,0.2657839920358816,0.8531421082846508,-0.8009137373857329,1.7932875033843139,-1.3449989009398147,0.9224489802816268,-0.5958045832843663,2.1836435066061686,1.090014870997812,3.2601279850333156,0.5748424257117177,3.5316768752772134,-2.3091303631198685,4.950836317394812,-0.3770113506274962,5.154293201202689,1.5956768731374154,4.433999700586357,2.8456059023858855,5.005565475860441,2.07694134612084,0.21045275055924526,2.451525425169378,-0.7815001074928934,-0.6956946069553764,-1.07647221451043,1.5070508145343215,-0.5822756303967087,4.979505327175555,3.578686025515777,4.938568559205722,4.9736391968152205,4.973556183477174,2.6573597632363497
63,2.1261585256307525,3.1914109007693923,-0.23051173588366777,4.018695750383986,-1.2044647969507405,4.577368197884091,0.6534294235979328,-1.6948687023989055,-3.3721982639440773,-4.967291040190303,-1.1216678387995478,1.5310755474894673,2.0143218849584925,4.952387746134235,0.43713312513038366,4.96801911365374,2.425780837730661,0.2641766114065681,3.072699932435696,-1.0943546093815182,4.4951793890070455,4.654836686469714,2.8419160666655245,2.3501549017235073,-2.1596251771400587,-3.444060463292166,-7.696352847206062,-0.9266394102149768,0.8228329011199749,1.9897143753614002,2.00223678902581,4.96357131543762,3.9450644425750827,4.947919329898976
64,0.3526008318833901,1.4604821136785047,-1.6542910066435024,0.6207672743481163,-2.260691571585008,2.1078893105179,1.5452720172214418,-1.867454229849718,-1.508672789722232,-3.6785013448063673,-1.1527318162300706,2.004478250553669,-0.4135196668582079,2.449530458933619,-1.220308651782282,4.966261884983966,0.21172358232943075,-1.9306333527957815,-0.3975387997468532,-0.24921510796841734,3.965513571663268,4.979943231093283,3.949772113620491,0.16609854802895754,-4.760996153334325,-3.200930340175516,-6.32092512191207,-2.7355196855615267,1.1096347726392082,0.9977079057726282,1.966296966881773,4.930920532517357,5.003617098191306,3.9547204469283592
65,2.2417169511728794,1.882603770529694,0.5041903922449412,1.5219615304808378,0.40818242085364065,2.8264012421763627,-0.5660221697775593,-1.623663339512288,0.22237512746055058,-1.2724148128450923,-2.110632618443741,-0.29047823549852525,3.024121180930779,1.1692998398495889,-0.23888855131803313,3.1657180758681025,2.9772347339587646,3.302207046658034,2.9112912980736967,2.048695658026126,3.011313615325755,2.9526824128606397,0.11180300143820424,1.4877618371829855,-1.183714022252785,2.1041377780250037,-2.475347779793881,1.099955474629251,2.9792354518991333,0.9831978598683153,0.44520117699135187,3.957797990700461,3.004514647957415,3.3122648265516466
66,-0.2497516882693123,-1.2534676485573126,3.6961235097989933,3.099802271959248,0.37417006904678396,-0.9665290020629844,-2.336806081181399,-1.7380638582810306,-1.0603488991180647,-2.0008124526424194,0.4303134745812027,-1.3497614508010183,0.4974774826502509,2.2066272072275916,-1.7821502363375366,1.7575981966593113,3.957678469513668,2.8174856198726177,4.0118848179762026,5.028272648178868,3.0243174196234306,-2.2679326414871963,3.641523350982088,-1.0677725627935704,-0.4317669687501053,0.6793243050912966,-4.658889294507099,0.6908406306056283,2.959668808335327,2.842414548649527,3.0686654307635894,4.124835976061365,2.214627338830135,4.008194312060927
67,2.2617740630266274,2.9003053915343835,0.38688445126170457,1.5994483268801978,1.4557226813955135,3.379705050520602,2.8087716131885623,-0.8106314560119862,1.9612084285580638,-0.4245198192991839,-0.2522102962583628,-1.0194477716358596,1.0031629827321602,4.146252092043892,1.827339307048284,1.524025859259114,1.0340508530854209,1.2014640675722559,3.0689215491462245,2.1844023191670554,4.9312308394219455,3.6539611750124954,2.9801594486995246,2.6946641862297316,0.8843461873651812,-2.379114707219391,-4.064543503640835,0.7316678579780707,1.9985951828756585,3.3927442937355696,2.4868771130084575,4.687150391788678,5.030743640447712,4.128203903143319
68,6.006442688941695,1.3236819359719536,6.559296493460854,3.1243994246895697,4.559676502118053,-2.7067130250833746,0.038288806634619504,3.1137329452579166,-2.5303920650800777,1.333038767045432,5.962604020227118,1.096509627318915,4.633289000273071,3.813437064101489,-0.5416273787662003,6.526719114608805,1.008294007580038,1.0070037593895995,3.001011238526984,5.003596972166845,-1.2390062078086506,0.28075432671962225,5.33899167843829,0.05995354912823579,2.3236843502608258,1.132937873024762,0.5008134207307706,1.0606439500783453,0.1875979668132577,4.9715389078820404,1.6535041922958948,2.9668406728562347,-1.3165231426324266,1.0123165847444506
69,3.3067157318658356,2.1472986067130986,4.6412626925197635,1.5973698175224922,4.903855574568671,0.5197769969478061,-0.8253023247064202,-0.36965266179235673,-0.8631584624060971,0.030462352593203207,1.9003325885378723,-2.322763541010057,3.1272947445012553,3.5741173289730996,0.26624387891732804,-0.674210369959033,4.9821759389428895,4.945882089278921,4.037838157400714,5.00941905748074,3.0229727408190414,-1.5746028500765847,0.033838499950494705,5.235562514890721,5.087517910984515,3.1769557176795082,0.6961532457309072,3.855454822484381,-0.30829062698826665,4.084057621195863,-0.6812134627678358,1.8695807646884672,-1.4969565419557938,2.007690656903605
70,4.65948143621554,1.485055598854566,2.1488389165711914,5.074300420629073,0.20242799614578091,0.515418917899891,-1.8251367011232862,0.5552509822595479,-2.2775529637770506,1.036739698621349,2.2786146431527836,1.0950372123109848,3.1351524055803726,5.116523611767884,-0.44663352399975814,2.8409555581165327,3.0110961252942254,3.989854266268119,4.958299935396743,3.982679143742694,3.9984255994352047,1.1777978543823338,0.058922789055086106,-1.6050042612512465,-0.9867903166259654,1.172041671156426,-2.373835396108801,6.957716349564563,4.607224675215758,4.94220371708424,3.9739003283214016,4.060785051288861,2.9372111166909387,4.89792883004221
71,-0.11486437862344177,2.121151893783591,2.4771142719624404,-2.88520998682711,4.487854218263818,0.632547541757945,4.423945955036307,-4.7956523545862435,6.4753817941474425,1.9552103968935468,-3.546364350090404,-2.5055682176739147,-0.7610742931566691,0.23724561264213795,1.9063617298588782,-3.1731782467639778,1.9920478314780854,3.9617263750044254,3.105977719107009,3.7323232589130138,4.013524788279397,-2.594159562884803,3.0626489876527385,6.817734375642035,4.9881335635702,3.8073227003438213,0.6524708339243042,-2.02752210505823,3.118950994944328,2.965783331690313,1.6162543682736108,3.0173754093112635,1.647394758689577,3.999637092820222
72,3.7076892875370393,2.1230054458306675,2.05188504455531,-0.10540886564551197,2.0267961287192358,-1.2970727135373388,2.892488835308839,-0.11365155894170252,1.8053440610341362,-0.2411985424947332,1.1903914134186044,-1.8491298335573478,-0.8687127070302958,5.518482327250648,0.3796574684108144,0.5048131813100954,3.9607031686022807,2.962430706532409,3.032423255252384,4.0073666840900435,2.003515220558244,-0.2777721104359474,0.34441838543591213,3.2001254415391243,2.4801138395156257,-1.931610071991189,2.0675433577487925,2.8032956414699126,-0.3931308742032877,4.9643999163370225,1.3492305791332961,2.203875449428647,1.6051608746405528,1.285233604990294
73,3.5369655545182597,3.482344746184273,2.8220938543219614,2.1850394124320913,2.6682491666776715,0.6111279931946488,1.6824827325744658,0.6168144915634635,-2.5683068993519282,2.668511092581457,1.7716875286398517,1.0173594986254626,2.8139820904047443,1.6271988237854522,-0.6115949232728075,-1.4755979356588593,1.0081428463430744,1.6383851943498868,2.051874827797112,2.003858514791228,2.9937149472064215,2.2088232863753503,1.6314282955166792,1.3578379822111968,2.5620533218972605,2.720149496427144,-0.4997194382657398,1.661100193079439,1.0054482041767991,2.4940126029231293,2.9909939540569184,2.942372063658995,1.0507887205494673,5.847729978976167
74,1.3319647716625522,0.6281084063645148,-0.4269431061256133,0.2742838495755284,1.5805138266386696,3.1049604700229603,2.260547361037518,-1.5679311412633932,2.836150026101335,-0.9314924837842687,-1.854406059107547,-3.7219367129827328,0.5399027976601043,2.109928836269882,0.45522348131904095,1.7872345766923514,1.0257779153115802,2.009492230124518,2.997912537676053,5.042129764915996,4.9802497832951405,2.392460717861584,3.097185138139007,2.0743450389979268,-0.6593775651296586,-0.6496898524800632,-4.122589305378654,-1.0249870079746048,2.033262411242764,4.126976400548669,1.787274111902053,4.920215179787083,4.180439747852469,2.781553676237782
75,2.7469184665103232,-2.701223514529677,-1.3047238711279117,-1.0592746769547394,-3.05370610253052,-4.834931959864927,-1.6105648916101847,-4.826823034331662,-4.997319702434943,0.1486921091245353,-1.2049625470761347,2.037597360717356,-3.0776754669546422,1.1456127016934947,-7.799273569903413,2.1869842007650875,3.9927408010351813,1.1904415032854976,4.9946293296262025,5.038524398902119,-3.01081032426007,-5.993944738918403,0.6256487567568036,-3.651567530713138,1.297978578592694,-1.8769737854698834,-3.875119158185045,3.0685122303256263,4.991890342534654,2.029641989836367,4.972056227721157,4.932755081655497,-0.861719918417257,4.0220562503105475
76,2.042386737647121,2.305574910527048,3.0015982900298335,5.358382747487739,-0.8084050507557444,0.9438140634020968,-0.7503283891212734,1.3276868807646658,-3.1861463450838863,-2.7115556332260375,0.9387169887886657,0.29745778472095147,2.5576172026474993,3.576681143000102,-0.6018973987138093,3.562553724920322,3.961085557148396,2.2735510430035637,2.7689784436285585,1.7732510815375206,3.604647911868805,3.76352006616539,2.187346520704987,-1.337107793340423,-3.0495723848467846,0.05930677091335407,-2.785139133210038,-0.38272260317067625,0.7385535154335654,1.995951270435649,2.9520832961724017,3.9661943537292816,3.9556436210537282,4.969946786269402
77,0.5751354226464127,0.13463368867317768,1.1042833130489014,1.8874374443630062,0.7486967693696143,-1.3102436275533953,0.3779545137096773,-3.8706507459326795,-0.9649239125269243,-0.6013519964731859,-0.3560898127470401,-2.016517205662126,0.015149200049868784,1.4370929807751935,-1.1813390568142481,1.252152719443786,3.00037368778492,1.0512621668220725,4.99527076746435,4.974250214637005,4.046316615299823,-2.6598799978734653,4.6910740391677885,0.8221227741719099,1.378102072190646,0.7749011279310706,-4.77373580018627,-1.8209244181725928,3.86761877747196,3.013676710930325,4.018686752813824,5.066099246950269,1.6864781455728464,4.86831093899033
78,2.1282491115173654,1.6004606616726658,-0.587994436567043,3.2433335703436423,-0.24417489375414575,1.5718512479530267,-1.3922498560588648,1.2504622505766267,-0.07457074903948442,-0.04829985011584556,2.1126665542237046,1.8676374502139697,1.8413072342823742,5.0045212331764395,2.3022749417335895,6.486340711834576,1.0010840382450445,2.0175770918021283,2.079265856409072,1.9956400666904708,3.952461938971361,2.06635529629548,1.0710230692977858,1.0183480907214333,-2.574875993755041,0.007511337029845529,-0.3064571843305715,1.8949125568131628,2.994515482929886,3.5383768791036987,1.0108716135137972,2.5568861190964975,2.5601261565218834,0.2906744040333649
79,-0.4933305766056295,-0.46880679864603514,-3.0359049470590644,-0.6937545463920115,-0.8358639493973157,-4.165038868453708,1.1803786666934852,-5.851061430016071,0.06129614985373824,-1.9472796212580408,0.7500922398715495,-2.6395503212723104,-4.431932991875449,4.243633080258845,-0.043528451047908236,2.962121822048946,3.985830968437626,-1.449742274338101,4.973035790767622,5.018152040745312,4.029745574559609,-6.285195398219121,4.320285660094438,3.42081086023643,2.6224601102360925,-3.955028289246165,-3.075604543339161,-2.709643768051668,3.0071776779774435,3.6016273086797033,2.6541106834908748,3.987669774560887,0.3450807693621466,0.41415833252570655
80,6.547912688396181,6.268029467786084,2.1620581204061606,-0.10916339602795949,2.8628348659359393,-2.0532832040942264,2.760919986789092,-2.205394808169773,3.342186877765198,2.943609274485622,2.723301148956501,0.7411803243611916,3.3489266314631494,3.9639131985993683,2.1428292017789086,2.4679462791969833,4.945850517075963,1.030150623865176,4.928628854525313,2.0077301087906023,2.0581891461421566,3.000962776151336,0.61731854899941,3.6105561774548267,6.383752673549385,-0.8858842744125561,1.6246237502602285,5.955130942361723,4.946633236584562,-0.06306824845570877,1.0128586702301876,5.017872708803658,4.970129856999797,3.9409070242610618
81,-5.757717178210272,-1.2052532854337155,-2.8822244816228917,0.4668586550156619,-3.100513940991155,0.11621297858888922,-4.814121683187522,1.168808086038411,3.0575845790079645,2.5809966281582817,0.15056412810245964,1.4806674304045517,-4.213207751666143,1.605516599226865,0.6939793991605036,1.571233180639618,3.0111260682407184,3.925220959348791,0.5129077553911152,4.02995395860554,3.426915644570832,-2.110809180603133,-0.7034258469509155,-1.1198061767913179,-1.0204525245686504,0.238045257060558,3.0158982215297443,-0.4210140361140865,4.969097749384257,-1.5277923791189056,1.3473054470634263,2.056764302001779,4.978200485522305,-0.6698383806201123
82,4.3815896904618725,3.58863918953305,2.260688191492325,3.4084053077002094,2.7923947113816006,3.2860617661488614,2.4622151347162453,-0.07724443319873382,-0.0167640276036046,0.922409949780496,-1.2998407999889001,-2.6793395235996442,4.553364128194193,1.447297461031872,0.9782332709698716,-0.7241169623396135,1.9834537580403648,3.9826510488507494,4.124106363601538,3.037284919904948,4.96880335094054,3.960891180496289,0.6057738754023463,1.8358821563818393,0.3344951327542465,3.9759364996226236,-1.3840460590902481,1.1243361817822652,1.7776979266688588,3.841139015938606,2.646503846156696,3.679069228546491,2.6197169354088725,5.896019545444956
83,3.29220601353723,2.882073159886337,3.3334831665218587,4.6495302950962945,1.5541676107118088,1.9573001936525336,0.8980585440118799,1.5983643896556763,0.23140471171410096,1.088459657728311,1.6414050179896076,3.150537960883098,1.7148234415871644,7.241958989274863,1.8229880033278536,5.983643963802207,1.6879429259921788,4.990891802169747,4.003372724268074,4.001819203644643,5.008345686304692,1.7250812853702886,4.319667399432102,1.92692725990589,-1.4086319221787842,1.1543220923850481,-0.6778107559107392,0.7756103648477448,3.975122437787121,7.103742563687923,4.966575374851145,4.998182768211863,3.9944073104094633,4.957041785295791
84,3.5510682921966223,2.7057843523293696,3.918746565746363,5.776333473794638,2.952588619661471,2.6508207637974204,-0.22142700797279172,5.263643129828978,0.9987905373945363,5.587417784467522,3.6796382052970853,3.00234981252844,4.444856647027054,3.9517198128566315,2.9550992765146047,5.456188068940002,-1.4374166125279546,3.977533384942801,3.9593278584537464,4.0339841794017355,2.0440951930539613,3.128966370671012,4.593846828357944,-1.2885960376993817,1.040761109129438,2.3139866886089617,0.8494303839069551,0.6983580215435936,5.022552915692844,4.375064566347027,4.962557678264789,4.2544401767152475,3.9844453991677913,3.694890837412833
85,2.7933063925049892,2.1963316839048375,-0.06055350209608099,-1.7128217975256257,4.180770850362495,4.832261447697995,4.585592001104995,-3.121699314918375,12.210555701248605,-0.9424957815175189,-2.6788345661608384,-8.985118283106969,2.9235389210872866,1.9175858128932077,5.525928864071963,0.2468590759268968,1.520326652251075,2.031651221291101,3.9800937745985676,5.0295389628511,7.357872720524736,5.9755150031555,1.3619170557302849,4.42581944235403,1.1849767623613356,-1.9050376172522223,-4.031692920042545,3.967403330803277,3.7441777802361207,3.0210319963579044,-1.6046640952703877,4.9769248286684284,8.80212541514303,0.8113341671424008
86,3.3225839399490384,2.4504828624193316,4.9091058880550245,1.4320004561802386,4.99897698237036,2.6849936796898843,0.7786677721953561,-1.0382390891056996,3.8586198771926803,2.9198523335963666,-0.09244718872829771,-2.0873436851296203,5.049779615060174,0.23709297010840227,1.8771799902669062,-2.7879853891466264,1.3366580923767446,3.970497446384488,3.9908634354231425,2.998833263369062,3.15194994817797,1.8771994537409762,0.7502969708745311,2.13657019181053,4.546555631013224,3.863110652606942,-2.073605117466471,5.797152387910724,3.9401085713580333,1.777627834597442,1.0799522903904462,3.0486378023589764,2.978232707676309,4.929268613574262
87,0.6282426204785344,1.9253856687315223,3.3057364057038088,2.092650702823196,3.8692144820104226,3.869072803186536,2.5844671003592867,0.4692050508546097,0.6346500097826843,-2.0092064107732144,-0.46603552818397737,-4.768127664184148,2.639475376897697,0.965673532506941,0.8837867378935401,-0.2777211402297405,1.142735055185228,1.2611327188105688,2.010584783809018,4.008663111247323,5.009253867700948,3.8852543260603403,5.113768228953158,3.06190906644455,0.9623038825725231,0.5161062283350843,-4.574131551925876,-4.340638280144761,-1.8533869907534237,2.9912241078919886,1.04951642861589,4.091908083258955,2.9711212184850146,3.9381956587518325
88,0.5781008820228218,0.5108556841214366,2.6714757342414455,2.4688843580966817,0.9149136635902306,-1.8233624717631158,1.657351297087039,-2.6317784802313797,1.235642968074401,-0.4127552307327489,1.3338255125643055,-1.0490145747463102,-0.2745769190445346,3.141596015119946,0.5835377848541103,1.8389143775767476,1.4909013295461728,-0.04958267552496437,3.821782593306851,4.055718949705213,4.98394440244661,-1.0771402088040345,6.459206021928155,-0.06335835702090147,-0.03347246606273984,-0.8716364915519582,-4.896394099637847,-0.8750505176377904,4.020171062751633,4.05115849849247,4.941308222778886,4.9522978018042,4.020749731635249,5.158369631687446
89,-0.2877012053120611,1.120376991955644,-0.014528774688670925,3.689843018863029,-0.21397399307321135,0.17058872751024085,-0.1980759139769544,1.7907010363972589,0.5661188864758508,0.8381042185278651,2.7893576712415853,-0.4587072415991437,-0.5587069003554337,4.4391822171157465,1.6492702903695613,4.972627222322064,1.5311143931595097,0.9499807262191519,3.059452073289756,5.068539394145077,4.9363107072780785,1.1944388075676389,5.167226532339321,-0.4551994666120297,-0.9316937290439007,-1.910826463913817,-1.443712640436474,-2.887546971141852,3.0588227985785843,3.301253280265853,3.928337271571806,4.8423148798625455,5.021271794109683,2.132253825622201
90,-2.8477579759402687,-0.7942996204594454,-3.9242752324582586,-3.2982234477754244,-1.2760084540068055,0.4044740693872261,0.5662163276347064,-4.42119911289066,3.639537975553346,1.1879115805310347,-2.6494842398787335,-2.0328497684831714,-3.2070785634621837,-1.8448935106182673,-0.7495687093269429,-3.1115977715892607,0.4821223657737201,-0.9339191645159894,0.8426156772136632,2.037515928230645,3.0249359692680007,-0.8691975565441341,0.34819072407216106,0.34174231000965694,1.590257421842396,-1.6260070844857024,-3.4123351754593907,0.4398903258251559,3.9739647401840883,-1.9381927191300417,1.0225321861052579,2.968000353767289,3.991040497663996,1.9611713448977013
91,-1.1969414412160175,-1.3758690213236637,-2.049979034344789,-1.3625154490216822,-4.098549036451273,-0.21499536874397837,3.106701719118851,1.1651044788218103,-0.6464467680128976,-3.7962620660024045,-2.4709670601082245,-0.5051962853612765,-6.918654738133164,4.263927663721338,-4.645726893293979,2.409682958887139,2.2841893990336875,1.138122481097399,-1.0074160213223189,3.9856632818505684,1.0925964768117031,2.0441178109359264,2.3817652499150115,-2.1426031063330586,-5.640689995998375,-6.4800526410589345,-1.2696259275050756,-4.8874943556224295,-2.6060160724510593,4.00130777272142,3.938966771021894,4.023992205593091,4.977362076157966,1.9909901721114354
92,1.29108670537552,3.0607576154968137,4.073007268820708,1.3360709960926975,4.237404257466892,0.4238472633654124,0.15390482316457424,-3.775486325658671,1.259219273084437,0.8681277762637152,-0.12064171169885324,-0.43758131791144517,3.867034321023688,0.42774940859743366,1.6246733017338888,0.7302426248899573,3.19603638388358,2.955205417916337,3.899684296907266,3.037588555925301,4.950364562933355,-0.8215910132124408,3.70016998979916,5.121922642806855,3.710195751483894,5.717295686426845,-1.8425988221490044,-0.3704422015464399,4.101925786164597,1.3800214598966616,0.9453261231801637,3.923261200071429,1.0427072720995867,5.058285430780828
93,-2.2810218803192237,-0.7433623144101991,-2.068451253900515,0.7458980511678996,-2.0996509527275258,2.8438014795023725,-0.22898341327930985,-0.3974207543682334,0.35188882349360445,1.3279101301602698,-1.90304698003649,2.9108887823317877,-3.0228889904236493,2.303458069127678,-0.94698953950779,0.7422852645620013,-1.2324393302419434,2.372742700875324,0.35779723812779746,2.062669750075894,4.008311759857225,0.22888326992096314,1.9962808432282442,-0.8125030261890931,-3.0546239888336895,-0.34827279709836695,-3.0233396174027773,-0.5880226427820047,3.823640594227787,2.996204324866968,4.408604424472135,3.388588496391777,3.970519635815026,3.980176130899662
94,-0.8575212836386931,-1.4546874731875343,3.6294056623085336,3.856633518202155,-2.281656112113622,-2.121212561802122,-2.5019524135380604,1.3314630316236877,-5.118879058202427,-2.5922595230948295,0.8778152522434292,3.2773660850375887,-1.2489936210197017,2.624747705603721,-4.5782220946928325,6.785184837767243,3.281295799784123,1.9269656844036411,2.1131828559721066,4.052983075997504,-0.8288874490510364,-1.232733612448351,6.144262013935838,-3.870372943097626,-3.4215077289504428,-0.9657331803113629,-3.1362942186419778,-5.4690251515568375,1.3082783425237723,2.0031402711419055,4.9873984380998495,4.936621959525806,1.9914058623961595,3.9954763631108574
95,1.0846953088027436,2.6225679914030082,1.3761602401020834,3.5489703108233743,2.726987772500859,5.3343853947566595,3.8942076886403285,5.305341383893174,-0.44745101348529476,0.5229205719996559,0.7358513295616029,-2.504055435041544,0.37284558851639443,4.07005432939276,1.1726687181020083,2.707586525307653,-0.5229940535115822,1.9821672119309446,2.4877046382846286,5.038014871701097,3.0414186451637413,4.950517951497909,6.418655089941005,1.8673635060266536,1.287045571501798,-3.0926525860939615,-1.8192972965270717,-7.900345993643009,-2.6485829627740025,4.960922625864666,3.9706837900739753,4.996041195893415,3.9926669512529,3.007802726529501
96,2.1345198416404587,-0.008525385521511589,2.1564291370155835,0.7252598831697821,0.13688261538845464,-0.0421747937367669,-2.340378051001844,-2.560913888631877,-2.3803164277698636,-1.5723363544230953,-0.5712609884605205,-0.6165815261027476,0.6707830557165926,2.0772692856607793,-3.637359249806018,-1.7842733318433703,5.396473493073855,3.4618620342657467,3.6377956718437594,3.05568517917887,0.9564032910292577,-1.3045433501684236,-1.9879594151691862,0.12728307724107824,2.363466069554985,-0.29840671323232515,-3.603144213295192,6.693842177287104,1.7360354537128952,1.036551878141177,0.9225300216864396,2.9727908294696777,1.008116688770489,4.010465003965562
97,-1.1206592521575738,-1.6840685856081299,2.3197158886754683,2.7417463230359886,-1.0308350897689678,-1.811542711509981,-0.4122746203158962,-5.346909258123202,1.831037724516304,-4.113466244188584,-1.3329163071001395,-2.685263401975385,-1.0878635610168772,3.2344810469673178,0.038438790882245354,1.063108513716446,3.6284398054424827,1.979439068766661,3.875541138560654,4.050106019501124,7.302258095301039,-2.8287030200334335,3.9607020078166797,-0.4451317212942696,-4.311654045564495,0.6595754706882431,-6.5187381973267,1.4159276853263851,4.636013828011304,4.9727164884290636,3.97318160253042,3.968983732763076,3.9719220591679347,4.971722233359541
98,2.1865033011858137,1.8882254390763895,2.7972762666973576,3.983918567635006,2.1157837238377155,2.570693824534463,0.04150498100358311,0.25163290619614265,0.4537481400778729,2.499248662460056,1.2812858960203184,0.7179793283119618,3.991904747614186,0.8112078748603149,1.4342820330565942,2.2624748028860844,-0.6700076371707976,0.34458233950805917,4.782696381955056,1.739921458146783,1.179225827609882,2.1403650329202524,4.960611413927928,-1.1857802926637435,3.420099879508471,-0.5266794825509162,-5.579594396113665,0.5134129373751594,4.993107125239611,0.38827077063990556,3.948210802037731,4.974023744150348,3.9695101457500868,5.026796898009416
99,1.5640487285734903,0.8750399197278039,0.11405554961981042,0.815021712874276,0.08476257209895141,-0.11437895086398742,-1.0715098945229444,-0.7966106581457583,-0.5371313310986426,2.1449864133971785,1.4771996509185017,2.8114009263309887,0.16310123347756864,2.578166636488009,-1.1757861934136205,4.008176883996259,1.3550933135598324,1.0008652050362916,3.234508314793409,3.3341489356037077,0.7442877932288253,-0.27225773124346014,2.9928962662627914,-0.2289156161441401,2.302366353570032,-1.4104706723811165,-2.537244044316201,1.5313583713996761,4.84324966281343,1.037028094510535,2.9945025797625835,4.917574529100159,2.9457156467478924,2.9789571492653515
100,0.7658428791538129,0.7673018410991356,4.28050487095513,1.9165768966275984,0.7274654798622677,-0.9303846776809553,0.006249379650051509,0.2943983603639864,0.7572214376493478,0.9001986875414815,0.49684571947277595,2.5332382356824272,-0.39929772356513754,4.005764304399937,-0.8062367074765374,1.3307759650494184,2.464305792189941,5.088204048935495,1.2232633039292051,3.8652082166844277,4.039852706316404,-0.3893809635671172,2.23611187761538,0.23071602527523516,-2.4609257546787413,3.333217802180773,1.031179494987556,1.9250783967643685,2.9597793026686743,5.0843348660121315,3.959518869028316,2.966498521548403,3.0187968757703763,4.9760879632063295
